5427169,http://hungasteel.com/Conecte/Apple/Fr/home/auth/invalid.php?invalid=1,Jan 14th 2018 6:17 PM
5427168,http://hungasteel.com/Conecte/Apple/Fr/home/auth/initiate_login.php,Jan 14th 2018 6:17 PM
5426626,http://www.paypat-support.eu/Account-overview/,Jan 14th 2018 5:21 AM
5426494,https://sjournals.net/store.security/apple.com.verification.customer.i,Jan 14th 2018 2:02 AM
5425671,http://www.iphonjcbc14.jp/update_info/websc-billing.php,Jan 13th 2018 6:54 AM
5425669,http://www.iphonjcbc14.jp/signin.php,Jan 13th 2018 6:54 AM
5425668,http://www.iphonjcbc14.jp/,Jan 13th 2018 6:53 AM
5424713,http://sciote.com/modules/mod_pwebbox/form/fields/0b941cb56100e1a/acco,Jan 12th 2018 4:14 PM
5423051,http://www.nortonsetup-norton.com,Jan 11th 2018 6:09 PM
5422870,https://yespdv.com.br,Jan 11th 2018 4:12 PM
5422861,https://yespdv.com.br/app/token.HGRIFE4315134269852/,Jan 11th 2018 4:05 PM
5420343,http://misssillschool.com/wp-includes/customize/Apple/5c1cb5ae34b30eb5,Jan 10th 2018 9:20 AM
5420342,http://misssillschool.com/wp-includes/customize/Apple/,Jan 10th 2018 9:20 AM
5417357,https://service-ld-apple.com/Login.php?sslchannel=true&sessionid=1,Jan 8th 2018 5:03 PM
5417356,http://service-ld-apple.com/Login.php?sslchannel=true&sessionid=16,Jan 8th 2018 5:03 PM
5416890,https://reallifejokes.com/love-status/,Jan 8th 2018 8:51 AM
5414638,http://l.ead.me/baqJuO,Jan 6th 2018 9:42 AM
5414637,https://ottob.it/og7iv4cdwl,Jan 6th 2018 9:42 AM
5412458,http://www.botegasket.com/,Jan 5th 2018 12:28 AM
5412456,http://www.bestdentalunit.com/,Jan 5th 2018 12:28 AM
